gfx,cu_num,M,N,K,bias,dtype,outdtype,scaleAB,bpreshuffle,libtype,solidx,splitK,us,kernelName,err_ratio,tflops,bw
gfx942,80,8,32,6144,False,torch.bfloat16,torch.bfloat16,False,False,opus,10300,0,8.4056,opus_gemm_gfx942_wkc_512x16x16x64_1x1_16x16x16_0x0x0,0.0,0.37,58.54
gfx942,80,16,32,6144,False,torch.bfloat16,torch.bfloat16,False,False,opus,10300,0,8.8163,opus_gemm_gfx942_wkc_512x16x16x64_1x1_16x16x16_0x0x0,0.0,0.71,67.02
gfx942,80,48,32,6144,False,torch.bfloat16,torch.bfloat16,False,False,opus,10300,0,9.7083,opus_gemm_gfx942_wkc_512x16x16x64_1x1_16x16x16_0x0x0,0.0,1.94,101.57
gfx942,80,64,32,6144,False,torch.bfloat16,torch.bfloat16,False,False,opus,10300,0,9.5767,opus_gemm_gfx942_wkc_512x16x16x64_1x1_16x16x16_0x0x0,0.0,2.63,123.61
gfx942,80,128,32,6144,False,torch.bfloat16,torch.bfloat16,False,False,opus,10300,0,10.2587,opus_gemm_gfx942_wkc_512x16x16x64_1x1_16x16x16_0x0x0,0.0,4.91,192.45
gfx942,80,16384,32,6144,False,torch.bfloat16,torch.bfloat16,False,False,opus,10302,0,156.3505,opus_gemm_gfx942_wkc_512x32x16x64_1x1_16x16x16_0x0x0,0.0,41.21,1296.88
gfx942,80,1,160,6144,False,torch.bfloat16,torch.bfloat16,False,False,skinny,2,0,6.0738,sol2,0.0,0.32,325.77
gfx942,80,2,160,6144,False,torch.bfloat16,torch.bfloat16,False,False,opus,10300,0,7.0128,opus_gemm_gfx942_wkc_512x16x16x64_1x1_16x16x16_0x0x0,0.0,0.56,283.95
gfx942,80,4,160,6144,False,torch.bfloat16,torch.bfloat16,False,False,opus,10300,0,7.03,opus_gemm_gfx942_wkc_512x16x16x64_1x1_16x16x16_0x0x0,0.0,1.12,286.84
gfx942,80,8,160,6144,False,torch.bfloat16,torch.bfloat16,False,False,opus,10300,0,7.0799,opus_gemm_gfx942_wkc_512x16x16x64_1x1_16x16x16_0x0x0,0.0,2.22,291.95
gfx942,80,16,160,6144,False,torch.bfloat16,torch.bfloat16,False,False,torch,0,0,9.0034,native,0.0,3.49,240.78
gfx942,80,24,160,6144,False,torch.bfloat16,torch.bfloat16,False,False,opus,10300,0,9.2424,opus_gemm_gfx942_wkc_512x16x16x64_1x1_16x16x16_0x0x0,0.0,5.11,245.46
gfx942,80,32,160,6144,False,torch.bfloat16,torch.bfloat16,False,False,opus,10300,0,9.7899,opus_gemm_gfx942_wkc_512x16x16x64_1x1_16x16x16_0x0x0,0.0,6.43,242.04
gfx942,80,48,160,6144,False,torch.bfloat16,torch.bfloat16,False,False,opus,10300,0,10.0646,opus_gemm_gfx942_wkc_512x16x16x64_1x1_16x16x16_0x0x0,0.0,9.38,255.48
gfx942,80,64,160,6144,False,torch.bfloat16,torch.bfloat16,False,False,opus,10300,0,9.1916,opus_gemm_gfx942_wkc_512x16x16x64_1x1_16x16x16_0x0x0,0.0,13.69,301.69
gfx942,80,96,160,6144,False,torch.bfloat16,torch.bfloat16,False,False,opus,10300,0,9.2498,opus_gemm_gfx942_wkc_512x16x16x64_1x1_16x16x16_0x0x0,0.0,20.41,343.41
gfx942,80,128,160,6144,False,torch.bfloat16,torch.bfloat16,False,False,opus,10305,0,11.3174,opus_gemm_gfx942_wkc_512x16x32x64_1x1_16x16x16_0x0x0,0.0,22.24,316.32
gfx942,80,192,160,6144,False,torch.bfloat16,torch.bfloat16,False,False,opus,10302,0,11.223,opus_gemm_gfx942_wkc_512x32x16x64_1x1_16x16x16_0x0x0,0.0,33.64,390.88
gfx942,80,256,160,6144,False,torch.bfloat16,torch.bfloat16,False,False,opus,10302,0,11.6386,opus_gemm_gfx942_wkc_512x32x16x64_1x1_16x16x16_0x0x0,0.0,43.25,446.25
gfx942,80,384,160,6144,False,torch.bfloat16,torch.bfloat16,False,False,opus,10302,0,21.0876,opus_gemm_gfx942_wkc_512x32x16x64_1x1_16x16x16_0x0x0,0.0,35.8,322.82
gfx942,80,512,160,6144,False,torch.bfloat16,torch.bfloat16,False,False,torch,0,0,22.271,native,0.0,45.2,378.13
gfx942,80,768,160,6144,False,torch.bfloat16,torch.bfloat16,False,False,opus,10204,6,25.9411,opus_gemm_gfx942_splitk_em3en4_lds1_pgr2_256x128x96x128_2x2_16x16x16_0x0x0,0.0,58.21,449.06
gfx942,80,1024,160,6144,False,torch.bfloat16,torch.bfloat16,False,False,opus,10204,5,29.3571,opus_gemm_gfx942_splitk_em3en4_lds1_pgr2_256x128x96x128_2x2_16x16x16_0x0x0,0.0,68.58,506.75
gfx942,80,1536,160,6144,False,torch.bfloat16,torch.bfloat16,False,False,opus,10204,3,39.0517,opus_gemm_gfx942_splitk_em3en4_lds1_pgr2_256x128x96x128_2x2_16x16x16_0x0x0,0.0,77.33,546.25
gfx942,80,2048,160,6144,False,torch.bfloat16,torch.bfloat16,False,False,opus,10204,5,52.586,opus_gemm_gfx942_splitk_em3en4_lds1_pgr2_256x128x96x128_2x2_16x16x16_0x0x0,0.0003,76.57,528.42
gfx942,80,3072,160,6144,False,torch.bfloat16,torch.bfloat16,False,False,opus,10204,3,70.6337,opus_gemm_gfx942_splitk_em3en4_lds1_pgr2_256x128x96x128_2x2_16x16x16_0x0x0,0.0,85.51,576.18
gfx942,80,4096,160,6144,False,torch.bfloat16,torch.bfloat16,False,False,opus,10204,1,93.8685,opus_gemm_gfx942_splitk_em3en4_lds1_pgr2_256x128x96x128_2x2_16x16x16_0x0x0,0.0,85.79,571.1
gfx942,80,8192,160,6144,False,torch.bfloat16,torch.bfloat16,False,False,torch,0,0,151.3114,native,0.0,106.44,695.59
gfx942,80,16384,160,6144,False,torch.bfloat16,torch.bfloat16,False,False,torch,0,0,200.1622,native,0.0,160.93,1041.83
gfx942,80,32768,160,6144,False,torch.bfloat16,torch.bfloat16,False,False,torch,0,0,420.4288,native,0.0,153.24,987.34
gfx942,80,1,256,6144,False,torch.bfloat16,torch.bfloat16,False,False,opus,10311,0,4.9398,opus_gemm_gfx942_wkc_accum_512x16x32x32_1x1_16x16x16_0x0x0,0.0234,0.64,639.4
gfx942,80,2,256,6144,False,torch.bfloat16,torch.bfloat16,False,False,opus,10311,0,4.9586,opus_gemm_gfx942_wkc_accum_512x16x32x32_1x1_16x16x16_0x0x0,0.0195,1.27,639.56
gfx942,80,4,256,6144,False,torch.bfloat16,torch.bfloat16,False,False,opus,10311,0,5.3272,opus_gemm_gfx942_wkc_accum_512x16x32x32_1x1_16x16x16_0x0x0,0.0186,2.36,600.11
gfx942,80,8,256,6144,False,torch.bfloat16,torch.bfloat16,False,False,opus,10310,0,4.9466,opus_gemm_gfx942_wkc_accum_256x16x16x64_1x1_16x16x16_0x0x0,0.0181,5.09,656.64
gfx942,80,16,256,6144,False,torch.bfloat16,torch.bfloat16,False,False,opus,10311,0,5.2814,opus_gemm_gfx942_wkc_accum_512x16x32x32_1x1_16x16x16_0x0x0,0.021,9.53,634.4
gfx942,80,24,256,6144,False,torch.bfloat16,torch.bfloat16,False,False,opus,10313,0,6.2673,opus_gemm_gfx942_wkc_accum_256x32x32x64_1x1_16x16x16_0x0x0,0.02,12.05,550.94
gfx942,80,32,256,6144,False,torch.bfloat16,torch.bfloat16,False,False,asm,1,16,7.9053,_ZN5aiter39bf16gemm_fp32bf16_tn_32x64_splitk_cleanE,0.0308,12.73,449.74
gfx942,80,48,256,6144,False,torch.bfloat16,torch.bfloat16,False,False,asm,3,16,8.3769,_ZN5aiter39bf16gemm_fp32bf16_tn_48x64_splitk_cleanE,0.0295,18.03,448.87
gfx942,80,64,256,6144,False,torch.bfloat16,torch.bfloat16,False,False,asm,5,16,9.0858,_ZN5aiter39bf16gemm_fp32bf16_tn_64x64_splitk_cleanE,0.03,22.16,436.39
gfx942,80,96,256,6144,False,torch.bfloat16,torch.bfloat16,False,False,asm,3,10,11.0574,_ZN5aiter39bf16gemm_fp32bf16_tn_48x64_splitk_cleanE,0.0231,27.31,395.62
gfx942,80,128,256,6144,False,torch.bfloat16,torch.bfloat16,False,False,opus,10302,0,11.7008,opus_gemm_gfx942_wkc_512x32x16x64_1x1_16x16x16_0x0x0,0.0,34.41,408.87
gfx942,80,192,256,6144,False,torch.bfloat16,torch.bfloat16,False,False,flydsl,769,6,14.7299,flydsl_gemm2_abf16_wbf16_bf16_t64x64x128_split_k6_block_m_warp2_block_n_warp2_block_k_warp2_async_copyFalse_b_to_ldsTrue_b_preshuffleFalse_c_to_ldsFalse_gfx942,0.0248,41.0,380.41
gfx942,80,256,256,6144,False,torch.bfloat16,torch.bfloat16,False,False,asm,5,5,16.6326,_ZN5aiter39bf16gemm_fp32bf16_tn_64x64_splitk_cleanE,0.0156,48.42,386.14
gfx942,80,384,256,6144,False,torch.bfloat16,torch.bfloat16,False,False,asm,8,5,22.1138,_ZN5aiter39bf16gemm_fp32bf16_tn_96x64_splitk_cleanE,0.0146,54.62,364.52
gfx942,80,512,256,6144,False,torch.bfloat16,torch.bfloat16,False,False,opus,10204,6,25.2282,opus_gemm_gfx942_splitk_em3en4_lds1_pgr2_256x128x96x128_2x2_16x16x16_0x0x0,0.0,63.84,384.46
gfx942,80,768,256,6144,False,torch.bfloat16,torch.bfloat16,False,False,opus,10201,3,34.5862,opus_gemm_gfx942_splitk_p1_256x64x64x64_2x2_16x16x16_0x0x0,0.0,69.85,375.18
gfx942,80,1024,256,6144,False,torch.bfloat16,torch.bfloat16,False,False,torch,0,0,35.7927,native,0.0,90.0,454.08
gfx942,80,1536,256,6144,False,torch.bfloat16,torch.bfloat16,False,False,opus,10216,11,47.8542,opus_gemm_gfx942_splitk_quad_mfma32_bf16ws_256x256x256x32_2x2_32x32x8_6x0x0,0.0123,100.97,476.58
gfx942,80,2048,256,6144,False,torch.bfloat16,torch.bfloat16,False,False,opus,10216,0,52.3827,opus_gemm_gfx942_splitk_quad_mfma32_bf16ws_256x256x256x32_2x2_32x32x8_6x0x0,0.012,122.99,560.49
gfx942,80,3072,256,6144,False,torch.bfloat16,torch.bfloat16,False,False,opus,10216,6,78.0534,opus_gemm_gfx942_splitk_quad_mfma32_bf16ws_256x256x256x32_2x2_32x32x8_6x0x0,0.0113,123.81,544.08
gfx942,80,4096,256,6144,False,torch.bfloat16,torch.bfloat16,False,False,opus,10216,10,97.7382,opus_gemm_gfx942_splitk_quad_mfma32_bf16ws_256x256x256x32_2x2_32x32x8_6x0x0,0.012,131.83,568.61
gfx942,80,8192,256,6144,False,torch.bfloat16,torch.bfloat16,False,False,opus,10216,7,178.447,opus_gemm_gfx942_splitk_quad_mfma32_bf16ws_256x256x256x32_2x2_32x32x8_6x0x0,0.0116,144.41,605.24
gfx942,80,16384,256,6144,False,torch.bfloat16,torch.bfloat16,False,False,triton,0,0,336.8619,auto,0.0,153.0,631.89
gfx942,80,32768,256,6144,False,torch.bfloat16,torch.bfloat16,False,False,triton,0,0,650.7827,auto,0.0,158.39,649.34
gfx942,80,4,6144,6144,False,torch.bfloat16,torch.bfloat16,False,False,opus,10300,0,47.3828,opus_gemm_gfx942_wkc_512x16x16x64_1x1_16x16x16_0x0x0,0.0,6.37,1595.43
gfx942,80,8,6144,4096,False,torch.bfloat16,torch.bfloat16,False,False,opus,10301,0,34.4629,opus_gemm_gfx942_wkc_512x16x32x32_1x1_16x16x16_0x0x0,0.0,11.68,1465.21
gfx942,80,16,6144,3072,False,torch.bfloat16,torch.bfloat16,False,False,opus,10301,0,27.883,opus_gemm_gfx942_wkc_512x16x32x32_1x1_16x16x16_0x0x0,0.0,21.66,1364.4
gfx942,80,16,6144,4096,False,torch.bfloat16,torch.bfloat16,False,False,opus,10301,0,34.8629,opus_gemm_gfx942_wkc_512x16x32x32_1x1_16x16x16_0x0x0,0.0,23.1,1453.1
gfx950,256,1,32,6144,False,torch.bfloat16,torch.bfloat16,False,False,skinny,2,0,3.4721,sol2,0.0,0.11,116.81
gfx950,256,2,32,6144,False,torch.bfloat16,torch.bfloat16,False,False,skinny,2,0,4.7249,sol2,0.0,0.17,88.45
gfx950,256,4,32,6144,False,torch.bfloat16,torch.bfloat16,False,False,skinny,2,0,5.8368,sol2,0.0,0.27,75.83
gfx950,256,8,32,6144,False,torch.bfloat16,torch.bfloat16,False,False,torch,0,0,8.9937,native,0.0,0.35,54.71
gfx950,256,16,32,6144,False,torch.bfloat16,torch.bfloat16,False,False,torch,0,0,7.4959,native,0.0,0.84,78.82
gfx950,256,32,32,6144,False,torch.bfloat16,torch.bfloat16,False,False,torch,0,0,7.8162,native,0.0,1.61,100.88
gfx950,256,48,32,6144,False,torch.bfloat16,torch.bfloat16,False,False,torch,0,0,8.0695,native,0.0,2.34,122.2
gfx950,256,64,32,6144,False,torch.bfloat16,torch.bfloat16,False,False,torch,0,0,8.1827,native,0.0,3.08,144.66
gfx950,256,128,32,6144,False,torch.bfloat16,torch.bfloat16,False,False,torch,0,0,8.2742,native,0.0,6.08,238.61
gfx950,256,256,32,6144,False,torch.bfloat16,torch.bfloat16,False,False,torch,0,0,11.6185,native,0.0,8.66,306.01
gfx950,256,16384,32,6144,False,torch.bfloat16,torch.bfloat16,False,False,torch,0,0,43.456,native,0.0,148.25,4666.06
gfx950,256,1,160,6144,False,torch.bfloat16,torch.bfloat16,False,False,skinny,2,0,4.1738,sol2,0.0,0.47,474.07
gfx950,256,2,160,6144,False,torch.bfloat16,torch.bfloat16,False,False,skinny,2,0,4.6503,sol2,0.0,0.85,428.21
gfx950,256,4,160,6144,False,torch.bfloat16,torch.bfloat16,False,False,skinny,2,0,5.9946,sol2,0.0,1.31,336.39
gfx950,256,8,160,6144,False,torch.bfloat16,torch.bfloat16,False,False,torch,0,0,9.4147,native,0.0,1.67,219.54
gfx950,256,16,160,6144,False,torch.bfloat16,torch.bfloat16,False,False,triton,0,0,8.6354,auto,0.0,3.64,251.04
gfx950,256,24,160,6144,False,torch.bfloat16,torch.bfloat16,False,False,torch,0,0,9.6827,native,0.0,4.87,234.3
gfx950,256,32,160,6144,False,torch.bfloat16,torch.bfloat16,False,False,torch,0,0,8.6166,native,0.0,7.3,275.0
gfx950,256,48,160,6144,False,torch.bfloat16,torch.bfloat16,False,False,torch,0,0,9.451,native,0.0,9.99,272.06
gfx950,256,64,160,6144,False,torch.bfloat16,torch.bfloat16,False,False,torch,0,0,10.0589,native,0.0,12.51,275.68
gfx950,256,96,160,6144,False,torch.bfloat16,torch.bfloat16,False,False,opus,1202,5,10.2082,opus_gemm_flatmm_splitk_256x32x32x128_2x1_16x16x32_0x0x0_wgpcu2_nooob,0.0,18.49,311.17
gfx950,256,128,160,6144,False,torch.bfloat16,torch.bfloat16,False,False,torch,0,0,10.0522,native,0.0,25.04,356.13
gfx950,256,192,160,6144,False,torch.bfloat16,torch.bfloat16,False,False,torch,0,0,10.0513,native,0.0,37.56,436.44
gfx950,256,256,160,6144,False,torch.bfloat16,torch.bfloat16,False,False,torch,0,0,10.1991,native,0.0,49.35,509.23
gfx950,256,384,160,6144,False,torch.bfloat16,torch.bfloat16,False,False,torch,0,0,10.6507,native,0.0,70.88,639.16
gfx950,256,512,160,6144,False,torch.bfloat16,torch.bfloat16,False,False,opus,1202,3,13.5542,opus_gemm_flatmm_splitk_256x32x32x128_2x1_16x16x32_0x0x0_wgpcu2_nooob,0.0,74.27,621.31
gfx950,256,768,160,6144,False,torch.bfloat16,torch.bfloat16,False,False,torch,0,0,13.6792,native,0.0,110.38,851.59
gfx950,256,1024,160,6144,False,torch.bfloat16,torch.bfloat16,False,False,torch,0,0,15.6093,native,0.0,128.98,953.06
gfx950,256,1536,160,6144,False,torch.bfloat16,torch.bfloat16,False,False,torch,0,0,16.3333,native,0.0,184.89,1306.04
gfx950,256,2048,160,6144,False,torch.bfloat16,torch.bfloat16,False,False,torch,0,0,19.6535,native,0.0,204.88,1413.86
gfx950,256,3072,160,6144,False,torch.bfloat16,torch.bfloat16,False,False,torch,0,0,26.1614,native,0.0,230.87,1555.65
gfx950,256,4096,160,6144,False,torch.bfloat16,torch.bfloat16,False,False,torch,0,0,30.6681,native,0.0,262.59,1748.02
gfx950,256,8192,160,6144,False,torch.bfloat16,torch.bfloat16,False,False,torch,0,0,44.9533,native,0.0,358.29,2341.34
gfx950,256,16384,160,6144,False,torch.bfloat16,torch.bfloat16,False,False,torch,0,0,58.1034,native,0.0,554.4,3589.04
gfx950,256,32768,160,6144,False,torch.bfloat16,torch.bfloat16,False,False,torch,0,0,96.2576,native,0.0,669.29,4312.44
gfx950,256,1,256,6144,False,torch.bfloat16,torch.bfloat16,False,False,skinny,2,0,4.7363,sol2,0.0,0.66,666.88
gfx950,256,2,256,6144,False,torch.bfloat16,torch.bfloat16,False,False,skinny,2,0,4.6129,sol2,0.0,1.36,687.49
gfx950,256,4,256,6144,False,torch.bfloat16,torch.bfloat16,False,False,flydsl,2585,12,5.1898,flydsl_gemm3_abf16_wbf16_bf16_t16x64x128_split_k12_block_m_warp1_block_n_warp2_block_k_warp1_async_copyTrue_b_to_ldsTrue_b_preshuffleFalse_c_to_ldsFalse_gfx950,0.0234,2.42,616.0
gfx950,256,8,256,6144,False,torch.bfloat16,torch.bfloat16,False,False,flydsl,7023,12,5.2634,flydsl_gemm7_abf16_wbf16_bf16_t16x64x64_split_k12_block_m_warp1_block_n_warp2_block_k_warp1_async_copyTrue_b_to_ldsTrue_b_preshuffleFalse_c_to_ldsFalse_gfx950,0.02,4.78,617.12
gfx950,256,16,256,6144,False,torch.bfloat16,torch.bfloat16,False,False,flydsl,7023,12,5.6326,flydsl_gemm7_abf16_wbf16_bf16_t16x64x64_split_k12_block_m_warp1_block_n_warp2_block_k_warp1_async_copyTrue_b_to_ldsTrue_b_preshuffleFalse_c_to_ldsFalse_gfx950,0.0269,8.94,594.85
gfx950,256,24,256,6144,False,torch.bfloat16,torch.bfloat16,False,False,flydsl,7475,8,5.8993,flydsl_gemm8_abf16_wbf16_bf16_t16x64x64_split_k8_block_m_warp1_block_n_warp2_block_k_warp1_async_copyTrue_b_to_ldsTrue_b_preshuffleFalse_c_to_ldsFalse_gfx950,0.0205,12.8,585.31
gfx950,256,32,256,6144,False,torch.bfloat16,torch.bfloat16,False,False,flydsl,2875,12,5.6611,flydsl_gemm3_abf16_wbf16_bf16_t32x64x128_split_k12_block_m_warp1_block_n_warp4_block_k_warp1_async_copyTrue_b_to_ldsTrue_b_preshuffleFalse_c_to_ldsFalse_gfx950,0.0254,17.78,628.03
gfx950,256,48,256,6144,False,torch.bfloat16,torch.bfloat16,False,False,flydsl,6536,12,6.1403,flydsl_gemm6_abf16_wbf16_bf16_t32x64x64_split_k12_block_m_warp1_block_n_warp4_block_k_warp1_async_copyTrue_b_to_ldsTrue_b_preshuffleFalse_c_to_ldsFalse_gfx950,0.0248,24.59,612.37
gfx950,256,64,256,6144,False,torch.bfloat16,torch.bfloat16,False,False,flydsl,7192,8,6.6031,flydsl_gemm6_abf16_wbf16_bf16_t16x32x128_split_k8_block_m_warp1_block_n_warp2_block_k_warp1_async_copyTrue_b_to_ldsTrue_b_preshuffleFalse_c_to_ldsFalse_gfx950,0.0217,30.49,600.46
gfx950,256,96,256,6144,False,torch.bfloat16,torch.bfloat16,False,False,flydsl,7384,8,6.9587,flydsl_gemm5_abf16_wbf16_bf16_t16x64x128_split_k8_block_m_warp1_block_n_warp2_block_k_warp1_async_copyTrue_b_to_ldsTrue_b_preshuffleFalse_c_to_ldsFalse_gfx950,0.0201,43.4,628.64
gfx950,256,128,256,6144,False,torch.bfloat16,torch.bfloat16,False,False,flydsl,9795,6,7.5655,flydsl_gemm7_abf16_wbf16_bf16_t16x64x128_split_k6_block_m_warp1_block_n_warp1_block_k_warp2_async_copyTrue_b_to_ldsTrue_b_preshuffleFalse_c_to_ldsFalse_gfx950,0.0253,53.22,632.36
gfx950,256,192,256,6144,False,torch.bfloat16,torch.bfloat16,False,False,flydsl,8338,6,8.528,flydsl_gemm5_abf16_wbf16_bf16_t32x64x128_split_k6_block_m_warp1_block_n_warp4_block_k_warp1_async_copyTrue_b_to_ldsTrue_b_preshuffleFalse_c_to_ldsFalse_gfx950,0.0173,70.82,657.05
gfx950,256,256,256,6144,False,torch.bfloat16,torch.bfloat16,False,False,flydsl,6661,6,9.1244,flydsl_gemm4_abf16_wbf16_bf16_t32x64x128_split_k6_block_m_warp2_block_n_warp2_block_k_warp1_async_copyTrue_b_to_ldsTrue_b_preshuffleFalse_c_to_ldsFalse_gfx950,0.0173,88.26,703.88
gfx950,256,1536,256,6144,False,torch.bfloat16,torch.bfloat16,False,False,asm,8,4,18.5922,_ZN5aiter39bf16gemm_fp32bf16_tn_96x64_splitk_cleanE,0.0127,259.89,1226.67
gfx950,256,2048,256,6144,False,torch.bfloat16,torch.bfloat16,False,False,flydsl,9261,1,22.4147,flydsl_gemm6_abf16_wbf16_bf16_t32x64x128_split_k1_block_m_warp1_block_n_warp4_block_k_warp1_async_copyTrue_b_to_ldsTrue_b_preshuffleFalse_c_to_ldsFalse_gfx950,0.0,287.42,1309.86
gfx950,256,3072,256,6144,False,torch.bfloat16,torch.bfloat16,False,False,torch,0,0,27.6367,native,0.0,349.67,1536.63
gfx950,256,4096,256,6144,False,torch.bfloat16,torch.bfloat16,False,False,torch,0,0,30.149,native,0.0,427.37,1843.33
gfx950,256,8192,256,6144,False,torch.bfloat16,torch.bfloat16,False,False,flydsl,5202,1,47.6939,flydsl_gemm3_abf16_wbf16_bf16_t64x128x128_split_k1_block_m_warp2_block_n_warp2_block_k_warp2_async_copyTrue_b_to_ldsTrue_b_preshuffleFalse_c_to_ldsFalse_gfx950,0.0057,540.32,2264.51
gfx950,256,16384,256,6144,False,torch.bfloat16,torch.bfloat16,False,False,flydsl,3727,1,76.044,flydsl_gemm3_abf16_wbf16_bf16_t128x128x64_split_k1_block_m_warp4_block_n_warp4_block_k_warp1_async_copyTrue_b_to_ldsTrue_b_preshuffleFalse_c_to_ldsFalse_gfx950,0.0,677.76,2799.18
gfx950,256,32768,256,6144,False,torch.bfloat16,torch.bfloat16,False,False,opus,6401,0,120.6013,opus_gemm_mono_tile_512x128x256x64_2x4_16x16x32_0x0x0_nooob_4g_safe,0.0,854.71,3503.91
gfx950,256,1,2624,6144,False,torch.bfloat16,torch.bfloat16,False,False,flydsl,0,1,5.6370,flydsl_gemm8_abf16_wbf16_bf16_t16x16x256_split_k1_block_m_warp1_block_n_warp1_block_k_warp4_async_copyTrue_b_to_ldsTrue_b_preshuffleFalse_c_to_ldsFalse_gfx950,0.0,5.72,5723.12
gfx950,256,2,2624,6144,False,torch.bfloat16,torch.bfloat16,False,False,flydsl,0,1,5.5990,flydsl_gemm8_abf16_wbf16_bf16_t16x16x256_split_k1_block_m_warp1_block_n_warp1_block_k_warp4_async_copyTrue_b_to_ldsTrue_b_preshuffleFalse_c_to_ldsFalse_gfx950,0.0,11.52,5765.10
gfx950,256,4,2624,6144,False,torch.bfloat16,torch.bfloat16,False,False,flydsl,0,1,5.6690,flydsl_gemm8_abf16_wbf16_bf16_t16x16x256_split_k1_block_m_warp1_block_n_warp1_block_k_warp4_async_copyTrue_b_to_ldsTrue_b_preshuffleFalse_c_to_ldsFalse_gfx950,0.0,22.75,5700.10
gfx950,256,8,2624,6144,False,torch.bfloat16,torch.bfloat16,False,False,flydsl,0,1,8.4400,flydsl_gemm8_abf16_wbf16_bf16_t16x16x256_split_k1_block_m_warp1_block_n_warp1_block_k_warp2_async_copyTrue_b_to_ldsTrue_b_preshuffleFalse_c_to_ldsFalse_xb4_kr1_mr8_cp1_gfx950,0.0,45.49,5710.46
gfx950,256,16,2624,6144,False,torch.bfloat16,torch.bfloat16,False,False,flydsl,2663,6,9.1755,flydsl_gemm6_abf16_wbf16_bf16_t16x64x64_split_k6_block_m_warp1_block_n_warp2_block_k_warp1_async_copyTrue_b_to_ldsTrue_b_preshuffleFalse_c_to_ldsFalse_gfx950,0.0182,56.23,3544.69
gfx950,256,32,2624,6144,False,torch.bfloat16,torch.bfloat16,False,False,flydsl,0,3,6.9450,flydsl_gemm4_abf16_wbf16_bf16_t32x32x256_split_k3_block_m_warp2_block_n_warp2_block_k_warp2_async_copyTrue_b_to_ldsTrue_b_preshuffleFalse_c_to_ldsFalse_gfx950,0.0,148.57,4723.52
gfx950,256,48,2624,6144,False,torch.bfloat16,torch.bfloat16,False,False,flydsl,1746,6,12.9622,flydsl_gemm4_abf16_wbf16_bf16_t48x64x64_split_k6_block_m_warp1_block_n_warp2_block_k_warp1_async_copyTrue_b_to_ldsTrue_b_preshuffleFalse_c_to_ldsFalse_gfx950,0.0173,119.4,2552.46
gfx950,256,64,2624,6144,False,torch.bfloat16,torch.bfloat16,False,False,flydsl,0,3,8.7030,flydsl_gemm4_abf16_wbf16_bf16_t64x32x128_split_k3_block_m_warp1_block_n_warp2_block_k_warp2_async_copyTrue_b_to_ldsTrue_b_preshuffleFalse_c_to_ldsFalse_gfx950,0.0,237.11,3833.85
gfx950,256,128,2624,6144,False,torch.bfloat16,torch.bfloat16,False,False,flydsl,0,6,11.3570,flydsl_gemm4_abf16_wbf16_bf16_t128x64x64_split_k6_block_m_warp4_block_n_warp2_block_k_warp1_async_copyTrue_b_to_ldsTrue_b_preshuffleFalse_c_to_ldsFalse_gfx950,0.0,363.41,3036.75
gfx950,256,256,2624,6144,False,torch.bfloat16,torch.bfloat16,False,False,flydsl,0,3,17.3770,flydsl_gemm4_abf16_wbf16_bf16_t128x64x64_split_k3_block_m_warp2_block_n_warp4_block_k_warp1_async_copyTrue_b_to_ldsTrue_b_preshuffleFalse_c_to_ldsFalse_gfx950,0.0,475.02,2113.88
gfx950,256,16384,2624,6144,False,torch.bfloat16,torch.bfloat16,False,False,torch,0,0,406.341,native,0.0,1300.09,786.42
gfx950,256,1,4096,2048,False,torch.bfloat16,torch.bfloat16,False,False,flydsl,0,1,3.1620,flydsl_gemm7_abf16_wbf16_bf16_t16x16x256_split_k1_block_m_warp1_block_n_warp1_block_k_warp2_async_copyTrue_b_to_ldsTrue_b_preshuffleFalse_c_to_ldsFalse_gfx950,0.0,5.31,5309.77
gfx950,256,2,4096,2048,False,torch.bfloat16,torch.bfloat16,False,False,flydsl,0,1,3.1880,flydsl_gemm7_abf16_wbf16_bf16_t16x16x256_split_k1_block_m_warp1_block_n_warp1_block_k_warp2_async_copyTrue_b_to_ldsTrue_b_preshuffleFalse_c_to_ldsFalse_xb8_gfx950,0.0,10.53,5270.32
gfx950,256,4,4096,2048,False,torch.bfloat16,torch.bfloat16,False,False,flydsl,0,1,3.1840,flydsl_gemm7_abf16_wbf16_bf16_t16x16x256_split_k1_block_m_warp1_block_n_warp1_block_k_warp2_async_copyTrue_b_to_ldsTrue_b_preshuffleFalse_c_to_ldsFalse_xb8_gfx950,0.0,21.08,5284.66
gfx950,256,8,4096,2048,False,torch.bfloat16,torch.bfloat16,False,False,flydsl,0,1,3.2890,flydsl_gemm4_abf16_wbf16_bf16_t16x16x256_split_k1_block_m_warp1_block_n_warp1_block_k_warp2_async_copyTrue_b_to_ldsTrue_b_preshuffleFalse_c_to_ldsFalse_xb8_kr5_mr8_cp1_gfx950,0.0,40.81,5130.90
gfx950,256,16,4096,2048,False,torch.bfloat16,torch.bfloat16,False,False,flydsl,0,1,3.4020,flydsl_gemm4_abf16_wbf16_bf16_t16x16x256_split_k1_block_m_warp1_block_n_warp1_block_k_warp2_async_copyTrue_b_to_ldsTrue_b_preshuffleFalse_c_to_ldsFalse_xb8_gfx950,0.0,78.91,4989.37
gfx950,256,32,4096,2048,False,torch.bfloat16,torch.bfloat16,False,False,flydsl,0,4,4.1380,flydsl_gemm4_abf16_wbf16_bf16_t32x64x128_split_k4_block_m_warp1_block_n_warp4_block_k_warp1_async_copyTrue_b_to_ldsTrue_b_preshuffleFalse_c_to_ldsFalse_gfx950,0.0,129.74,4149.45
gfx950,256,48,4096,2048,False,torch.bfloat16,torch.bfloat16,False,False,flydsl,3762,1,8.7313,flydsl_gemm7_abf16_wbf16_bf16_t16x64x128_split_k1_block_m_warp1_block_n_warp2_block_k_warp1_async_copyTrue_b_to_ldsTrue_b_preshuffleFalse_c_to_ldsFalse_gfx950,0.0,92.23,1989.06
gfx950,256,64,4096,2048,False,torch.bfloat16,torch.bfloat16,False,False,flydsl,0,4,4.8550,flydsl_gemm4_abf16_wbf16_bf16_t64x64x128_split_k4_block_m_warp2_block_n_warp4_block_k_warp1_async_copyTrue_b_to_ldsTrue_b_preshuffleFalse_c_to_ldsFalse_gfx950,0.0,221.16,3617.64
gfx950,256,128,4096,2048,False,torch.bfloat16,torch.bfloat16,False,False,flydsl,0,2,6.6540,flydsl_gemm4_abf16_wbf16_bf16_t64x64x128_split_k2_block_m_warp2_block_n_warp4_block_k_warp1_async_copyTrue_b_to_ldsTrue_b_preshuffleFalse_c_to_ldsFalse_xb8_gfx950,0.0,322.74,2757.75
gfx950,256,256,4096,2048,False,torch.bfloat16,torch.bfloat16,False,False,flydsl,0,1,8.6750,flydsl_gemm4_abf16_wbf16_bf16_t64x64x64_split_k1_block_m_warp1_block_n_warp4_block_k_warp1_async_copyTrue_b_to_ldsTrue_b_preshuffleFalse_c_to_ldsFalse_gfx950,0.0,495.10,2296.59
gfx950,256,16384,4096,2048,False,torch.bfloat16,torch.bfloat16,False,False,asm,10,1,212.3527,_ZN5aiter24bf16gemm_bf16_tn_256x256E,0.0,1294.44,1027.08
gfx950,256,1,6144,3072,False,torch.bfloat16,torch.bfloat16,False,False,flydsl,5938,2,9.0656,flydsl_gemm6_abf16_wbf16_bf16_t16x64x64_split_k2_block_m_warp1_block_n_warp2_block_k_warp1_async_copyTrue_b_to_ldsTrue_b_preshuffleFalse_c_to_ldsFalse_gfx950,0.0042,4.16,4165.99
gfx950,256,1,6144,4096,False,torch.bfloat16,torch.bfloat16,False,False,flydsl,0,1,7.9540,flydsl_gemm8_abf16_wbf16_bf16_t16x16x128_split_k1_block_m_warp1_block_n_warp1_block_k_warp4_async_copyTrue_b_to_ldsTrue_b_preshuffleFalse_c_to_ldsFalse_gfx950,0.0,6.33,6330.42
gfx950,256,1,6144,6144,False,torch.bfloat16,torch.bfloat16,False,False,flydsl,4011,2,14.6247,flydsl_gemm4_abf16_wbf16_bf16_t16x64x128_split_k2_block_m_warp1_block_n_warp1_block_k_warp2_async_copyTrue_b_to_ldsTrue_b_preshuffleFalse_c_to_ldsFalse_gfx950,0.015,5.16,5164.01
gfx950,256,2,6144,3072,False,torch.bfloat16,torch.bfloat16,False,False,flydsl,6946,2,9.1248,flydsl_gemm8_abf16_wbf16_bf16_t16x64x64_split_k2_block_m_warp1_block_n_warp2_block_k_warp1_async_copyTrue_b_to_ldsTrue_b_preshuffleFalse_c_to_ldsFalse_gfx950,0.0042,8.27,4140.98
gfx950,256,2,6144,4096,False,torch.bfloat16,torch.bfloat16,False,False,flydsl,0,1,7.8350,flydsl_gemm8_abf16_wbf16_bf16_t16x16x128_split_k1_block_m_warp1_block_n_warp1_block_k_warp4_async_copyTrue_b_to_ldsTrue_b_preshuffleFalse_c_to_ldsFalse_gfx950,0.0,12.85,6429.18
gfx950,256,2,6144,6144,False,torch.bfloat16,torch.bfloat16,False,False,flydsl,5195,2,14.638,flydsl_gemm5_abf16_wbf16_bf16_t16x64x128_split_k2_block_m_warp1_block_n_warp2_block_k_warp1_async_copyTrue_b_to_ldsTrue_b_preshuffleFalse_c_to_ldsFalse_gfx950,0.0051,10.32,5160.99
gfx950,256,4,6144,3072,False,torch.bfloat16,torch.bfloat16,False,False,flydsl,6946,2,9.2369,flydsl_gemm8_abf16_wbf16_bf16_t16x64x64_split_k2_block_m_warp1_block_n_warp2_block_k_warp1_async_copyTrue_b_to_ldsTrue_b_preshuffleFalse_c_to_ldsFalse_gfx950,0.0042,16.35,4094.71
gfx950,256,4,6144,4096,False,torch.bfloat16,torch.bfloat16,False,False,flydsl,0,1,7.9720,flydsl_gemm8_abf16_wbf16_bf16_t16x16x128_split_k1_block_m_warp1_block_n_warp1_block_k_warp4_async_copyTrue_b_to_ldsTrue_b_preshuffleFalse_c_to_ldsFalse_gfx950,0.0,25.25,6323.83
gfx950,256,4,6144,6144,False,torch.bfloat16,torch.bfloat16,False,False,flydsl,6588,2,14.7237,flydsl_gemm7_abf16_wbf16_bf16_t16x64x128_split_k2_block_m_warp1_block_n_warp2_block_k_warp1_async_copyTrue_b_to_ldsTrue_b_preshuffleFalse_c_to_ldsFalse_gfx950,0.0057,20.51,5134.29
gfx950,256,8,6144,3072,False,torch.bfloat16,torch.bfloat16,False,False,flydsl,5119,2,9.6277,flydsl_gemm5_abf16_wbf16_bf16_t16x64x128_split_k2_block_m_warp1_block_n_warp2_block_k_warp1_async_copyTrue_b_to_ldsTrue_b_preshuffleFalse_c_to_ldsFalse_gfx950,0.0043,31.37,3936.16
gfx950,256,8,6144,4096,False,torch.bfloat16,torch.bfloat16,False,False,flydsl,0,1,8.2620,flydsl_gemm8_abf16_wbf16_bf16_t16x16x128_split_k1_block_m_warp1_block_n_warp1_block_k_warp4_async_copyTrue_b_to_ldsTrue_b_preshuffleFalse_c_to_ldsFalse_gfx950,0.0,48.74,6111.78
gfx950,256,16,6144,3072,False,torch.bfloat16,torch.bfloat16,False,False,flydsl,5938,2,10.1472,flydsl_gemm6_abf16_wbf16_bf16_t16x64x64_split_k2_block_m_warp1_block_n_warp2_block_k_warp1_async_copyTrue_b_to_ldsTrue_b_preshuffleFalse_c_to_ldsFalse_gfx950,0.0041,59.52,3749.18
gfx950,256,16,6144,4096,False,torch.bfloat16,torch.bfloat16,False,False,flydsl,0,1,8.2960,flydsl_gemm8_abf16_wbf16_bf16_t16x16x64_split_k1_block_m_warp1_block_n_warp1_block_k_warp2_async_copyTrue_b_to_ldsTrue_b_preshuffleFalse_c_to_ldsFalse_gfx950,0.0,97.07,6106.48
gfx950,256,16,6144,6144,False,torch.bfloat16,torch.bfloat16,False,False,flydsl,5993,2,16.7296,flydsl_gemm6_abf16_wbf16_bf16_t16x64x128_split_k2_block_m_warp1_block_n_warp2_block_k_warp1_async_copyTrue_b_to_ldsTrue_b_preshuffleFalse_c_to_ldsFalse_gfx950,0.0054,72.2,4536.31
gfx950,256,32,6144,3072,False,torch.bfloat16,torch.bfloat16,False,False,flydsl,5239,2,11.6945,flydsl_gemm5_abf16_wbf16_bf16_t32x64x128_split_k2_block_m_warp1_block_n_warp4_block_k_warp1_async_copyTrue_b_to_ldsTrue_b_preshuffleFalse_c_to_ldsFalse_gfx950,0.0043,103.29,3278.34
gfx950,256,32,6144,4096,False,torch.bfloat16,torch.bfloat16,False,False,flydsl,1602,2,13.3074,flydsl_gemm3_abf16_wbf16_bf16_t32x64x256_split_k2_block_m_warp1_block_n_warp1_block_k_warp2_async_copyTrue_b_to_ldsTrue_b_preshuffleFalse_c_to_ldsFalse_gfx950,0.0124,121.03,3831.48
gfx950,256,32,6144,6144,False,torch.bfloat16,torch.bfloat16,False,False,flydsl,6116,2,17.9035,flydsl_gemm6_abf16_wbf16_bf16_t32x64x128_split_k2_block_m_warp2_block_n_warp2_block_k_warp1_async_copyTrue_b_to_ldsTrue_b_preshuffleFalse_c_to_ldsFalse_gfx950,0.0056,134.94,4260.84
gfx950,256,48,6144,3072,False,torch.bfloat16,torch.bfloat16,False,False,flydsl,4232,1,12.6081,flydsl_gemm4_abf16_wbf16_bf16_t32x64x128_split_k1_block_m_warp2_block_n_warp2_block_k_warp1_async_copyTrue_b_to_ldsTrue_b_preshuffleFalse_c_to_ldsFalse_gfx950,0.0,143.71,3064.18
gfx950,256,48,6144,4096,False,torch.bfloat16,torch.bfloat16,False,False,flydsl,4010,1,14.8495,flydsl_gemm8_abf16_wbf16_bf16_t16x64x64_split_k1_block_m_warp1_block_n_warp2_block_k_warp1_async_copyTrue_b_to_ldsTrue_b_preshuffleFalse_c_to_ldsFalse_gfx950,0.0,162.69,3455.65
gfx950,256,48,6144,6144,False,torch.bfloat16,torch.bfloat16,False,False,flydsl,4467,2,20.9099,flydsl_gemm4_abf16_wbf16_bf16_t48x64x128_split_k2_block_m_warp1_block_n_warp2_block_k_warp1_async_copyTrue_b_to_ldsTrue_b_preshuffleFalse_c_to_ldsFalse_gfx950,0.0056,173.31,3667.02
gfx950,256,64,6144,3072,False,torch.bfloat16,torch.bfloat16,False,False,flydsl,4016,1,13.2611,flydsl_gemm3_abf16_wbf16_bf16_t32x64x256_split_k1_block_m_warp1_block_n_warp2_block_k_warp2_async_copyTrue_b_to_ldsTrue_b_preshuffleFalse_c_to_ldsFalse_gfx950,0.0043,182.18,2935.53
gfx950,256,64,6144,4096,False,torch.bfloat16,torch.bfloat16,False,False,flydsl,0,1,10.8670,flydsl_gemm4_abf16_wbf16_bf16_t32x48x256_split_k1_block_m_warp2_block_n_warp1_block_k_warp4_async_copyTrue_b_to_ldsTrue_b_preshuffleFalse_c_to_ldsFalse_gfx950,0.0,296.42,4752.22
gfx950,256,64,6144,6144,False,torch.bfloat16,torch.bfloat16,False,False,flydsl,6346,2,22.8561,flydsl_gemm4_abf16_wbf16_bf16_t64x64x128_split_k2_block_m_warp2_block_n_warp2_block_k_warp2_async_copyTrue_b_to_ldsTrue_b_preshuffleFalse_c_to_ldsFalse_gfx950,0.0136,211.4,3371.98
gfx950,256,128,6144,3072,False,torch.bfloat16,torch.bfloat16,False,False,flydsl,5313,1,16.7209,flydsl_gemm3_abf16_wbf16_bf16_t64x64x128_split_k1_block_m_warp4_block_n_warp1_block_k_warp1_async_copyTrue_b_to_ldsTrue_b_preshuffleFalse_c_to_ldsFalse_gfx950,0.0,288.97,2398.68
gfx950,256,128,6144,4096,False,torch.bfloat16,torch.bfloat16,False,False,flydsl,0,2,14.3040,flydsl_gemm4_abf16_wbf16_bf16_t128x64x64_split_k2_block_m_warp2_block_n_warp4_block_k_warp1_async_copyTrue_b_to_ldsTrue_b_preshuffleFalse_c_to_ldsFalse_gfx950,0.0,450.40,3701.98
gfx950,256,128,6144,6144,False,torch.bfloat16,torch.bfloat16,False,False,flydsl,5384,1,30.6654,flydsl_gemm3_abf16_wbf16_bf16_t64x64x128_split_k1_block_m_warp2_block_n_warp2_block_k_warp2_async_copyTrue_b_to_ldsTrue_b_preshuffleFalse_c_to_ldsFalse_gfx950,0.0057,315.13,2564.56
gfx950,256,256,6144,3072,False,torch.bfloat16,torch.bfloat16,False,False,flydsl,7361,1,21.715,flydsl_gemm4_abf16_wbf16_bf16_t96x64x64_split_k1_block_m_warp2_block_n_warp2_block_k_warp1_async_copyTrue_b_to_ldsTrue_b_preshuffleFalse_c_to_ldsFalse_gfx950,0.0,445.02,1955.67
gfx950,256,256,6144,4096,False,torch.bfloat16,torch.bfloat16,False,False,flydsl,0,2,20.2650,flydsl_gemm4_abf16_wbf16_bf16_t128x96x64_split_k2_block_m_warp4_block_n_warp2_block_k_warp2_async_copyTrue_b_to_ldsTrue_b_preshuffleFalse_c_to_ldsFalse_gfx950,0.0,635.82,2742.39
gfx950,256,256,6144,6144,False,torch.bfloat16,torch.bfloat16,False,False,torch,0,0,39.8281,native,0.0,485.27,2053.55
gfx950,256,16384,6144,3072,False,torch.bfloat16,torch.bfloat16,False,False,torch,0,0,426.5721,native,0.0,1449.87,796.44
gfx950,256,16384,6144,6144,False,torch.bfloat16,torch.bfloat16,False,False,torch,0,0,802.3853,native,0.0,1541.59,595.91
gfx950,256,1,19360,6144,False,torch.bfloat16,torch.bfloat16,False,False,triton,0,0,50.992,auto,0.0,4.67,4666.35
gfx950,256,2,19360,6144,False,torch.bfloat16,torch.bfloat16,False,False,triton,0,0,49.61,auto,0.0,9.59,4797.37
gfx950,256,4,19360,6144,False,torch.bfloat16,torch.bfloat16,False,False,triton,0,0,50.5832,auto,0.0,18.81,4707.09
gfx950,256,8,19360,6144,False,torch.bfloat16,torch.bfloat16,False,False,triton,0,0,51.5784,auto,0.0,36.9,4620.22
gfx950,256,16,19360,6144,False,torch.bfloat16,torch.bfloat16,False,False,triton,0,0,45.1095,auto,0.0,84.38,5291.83
gfx950,256,24,19360,6144,False,torch.bfloat16,torch.bfloat16,False,False,torch,0,0,49.4333,native,0.0,115.5,4837.22
gfx950,256,32,19360,6144,False,torch.bfloat16,torch.bfloat16,False,False,torch,0,0,51.6137,native,0.0,147.49,4640.78
gfx950,256,48,19360,6144,False,torch.bfloat16,torch.bfloat16,False,False,torch,0,0,55.8081,native,0.0,204.61,4306.62
gfx950,256,64,19360,6144,False,torch.bfloat16,torch.bfloat16,False,False,torch,0,0,61.2096,native,0.0,248.74,3939.91
gfx950,256,96,19360,6144,False,torch.bfloat16,torch.bfloat16,False,False,torch,0,0,59.0673,native,0.0,386.64,4110.44
gfx950,256,128,19360,6144,False,torch.bfloat16,torch.bfloat16,False,False,torch,0,0,64.6381,native,0.0,471.09,3781.43
gfx950,256,192,19360,6144,False,torch.bfloat16,torch.bfloat16,False,False,torch,0,0,75.8751,native,0.0,601.99,3264.43
gfx950,256,256,19360,6144,False,torch.bfloat16,torch.bfloat16,False,False,torch,0,0,83.7648,native,0.0,727.05,2995.93
gfx950,256,384,19360,6144,False,torch.bfloat16,torch.bfloat16,False,False,opus,5008,0,116.9083,opus_gemm_512x128x256x64_2x4_16x16x32_0x0x0_4g_safe,0.0,781.4,2202.43
gfx950,256,512,19360,6144,False,torch.bfloat16,torch.bfloat16,False,False,torch,0,0,117.6539,native,0.0,1035.26,2243.97
gfx950,256,768,19360,6144,False,torch.bfloat16,torch.bfloat16,False,False,torch,0,0,160.2709,native,0.0,1139.97,1728.76
gfx950,256,1024,19360,6144,False,torch.bfloat16,torch.bfloat16,False,False,torch,0,0,217.5386,native,0.0,1119.83,1333.68
gfx950,256,1536,19360,6144,False,torch.bfloat16,torch.bfloat16,False,False,opus,5009,0,298.751,opus_gemm_512x256x256x64_2x4_16x16x32_0x0x0_4g_safe,0.0,1223.12,1058.55
gfx950,256,2048,19360,6144,False,torch.bfloat16,torch.bfloat16,False,False,opus,5009,0,413.8995,opus_gemm_512x256x256x64_2x4_16x16x32_0x0x0_4g_safe,0.0,1177.12,827.16
gfx950,256,3072,19360,6144,False,torch.bfloat16,torch.bfloat16,False,False,opus,5009,0,580.5488,opus_gemm_512x256x256x64_2x4_16x16x32_0x0x0_4g_safe,0.0,1258.84,679.69
gfx950,256,4096,19360,6144,False,torch.bfloat16,torch.bfloat16,False,False,torch,0,0,671.4542,native,0.0,1451.21,665.46
gfx950,256,8192,19360,6144,False,torch.bfloat16,torch.bfloat16,False,False,torch,0,0,1329.5994,native,0.0,1465.74,493.2
gfx950,256,16384,19360,6144,False,torch.bfloat16,torch.bfloat16,False,False,torch,0,0,2588.8292,native,0.0,1505.58,414.71
gfx950,256,32768,19360,6144,False,torch.bfloat16,torch.bfloat16,False,False,torch,0,0,5311.4909,native,0.0,1467.64,359.47
gfx950,256,1,38720,6144,False,torch.bfloat16,torch.bfloat16,False,False,flydsl,4,1,89.3592,flydsl_gemm2_abf16_wbf16_bf16_t16x64x128_split_k1_block_m_warp1_block_n_warp1_block_k_warp2_async_copyTrue_b_to_ldsTrue_b_preshuffleFalse_c_to_ldsFalse_gfx950,0.0058,5.32,5325.49
gfx950,256,2,38720,6144,False,torch.bfloat16,torch.bfloat16,False,False,flydsl,5,1,89.8932,flydsl_gemm2_abf16_wbf16_bf16_t16x64x128_split_k1_block_m_warp1_block_n_warp2_block_k_warp1_async_copyTrue_b_to_ldsTrue_b_preshuffleFalse_c_to_ldsFalse_gfx950,0.0,10.59,5294.85
gfx950,256,4,38720,6144,False,torch.bfloat16,torch.bfloat16,False,False,flydsl,4,1,90.7588,flydsl_gemm2_abf16_wbf16_bf16_t16x64x128_split_k1_block_m_warp1_block_n_warp1_block_k_warp2_async_copyTrue_b_to_ldsTrue_b_preshuffleFalse_c_to_ldsFalse_gfx950,0.0058,20.97,5246.33
gfx950,256,8,38720,6144,False,torch.bfloat16,torch.bfloat16,False,False,flydsl,4,1,91.2261,flydsl_gemm2_abf16_wbf16_bf16_t16x64x128_split_k1_block_m_warp1_block_n_warp1_block_k_warp2_async_copyTrue_b_to_ldsTrue_b_preshuffleFalse_c_to_ldsFalse_gfx950,0.0057,41.72,5223.39
gfx950,256,16,38720,6144,False,torch.bfloat16,torch.bfloat16,False,False,triton,0,0,86.1051,auto,0.0,88.41,5542.38
gfx950,256,24,38720,6144,False,torch.bfloat16,torch.bfloat16,False,False,triton,0,0,89.2077,auto,0.0,128.0,5357.66
gfx950,256,32,38720,6144,False,torch.bfloat16,torch.bfloat16,False,False,triton,0,0,91.4498,auto,0.0,166.49,5234.16
gfx950,256,48,38720,6144,False,torch.bfloat16,torch.bfloat16,False,False,flydsl,1200,1,104.079,flydsl_gemm3_abf16_wbf16_bf16_t48x64x64_split_k1_block_m_warp1_block_n_warp1_block_k_warp1_async_copyTrue_b_to_ldsTrue_b_preshuffleFalse_c_to_ldsFalse_gfx950,0.0,219.43,4612.83
gfx950,256,64,38720,6144,False,torch.bfloat16,torch.bfloat16,False,False,torch,0,0,101.8083,native,0.0,299.1,4729.81
gfx950,256,96,38720,6144,False,torch.bfloat16,torch.bfloat16,False,False,torch,0,0,101.3234,native,0.0,450.79,4780.78
gfx950,256,128,38720,6144,False,torch.bfloat16,torch.bfloat16,False,False,torch,0,0,109.846,native,0.0,554.42,4436.0
gfx950,256,192,38720,6144,False,torch.bfloat16,torch.bfloat16,False,False,torch,0,0,126.3052,native,0.0,723.26,3903.4
gfx950,256,256,38720,6144,False,torch.bfloat16,torch.bfloat16,False,False,torch,0,0,132.7657,native,0.0,917.43,3756.71
gfx950,256,384,38720,6144,False,torch.bfloat16,torch.bfloat16,False,False,torch,0,0,188.8551,native,0.0,967.43,2701.79
gfx950,256,512,38720,6144,False,torch.bfloat16,torch.bfloat16,False,False,torch,0,0,224.6229,native,0.0,1084.51,2322.7
gfx950,256,768,38720,6144,False,torch.bfloat16,torch.bfloat16,False,False,torch,0,0,308.2251,native,0.0,1185.52,1767.22
gfx950,256,1024,38720,6144,False,torch.bfloat16,torch.bfloat16,False,False,torch,0,0,430.055,native,0.0,1132.9,1320.0
gfx950,256,1536,38720,6144,False,torch.bfloat16,torch.bfloat16,False,False,torch,0,0,592.9979,native,0.0,1232.41,1034.77
gfx950,256,2048,38720,6144,False,torch.bfloat16,torch.bfloat16,False,False,torch,0,0,699.573,native,0.0,1392.88,942.8
gfx950,256,3072,38720,6144,False,torch.bfloat16,torch.bfloat16,False,False,opus,5009,0,1249.8442,opus_gemm_512x256x256x64_2x4_16x16x32_0x0x0_4g_safe,0.0,1169.45,601.22
gfx950,256,4096,38720,6144,False,torch.bfloat16,torch.bfloat16,False,False,torch,0,0,1372.2384,native,0.0,1420.19,614.56
gfx950,256,8192,38720,6144,False,torch.bfloat16,torch.bfloat16,False,False,torch,0,0,2649.1193,native,0.0,1471.31,457.07
gfx950,256,16384,38720,6144,False,torch.bfloat16,torch.bfloat16,False,False,torch,0,0,5391.0973,native,0.0,1445.97,360.95
gfx950,256,32768,38720,6144,False,torch.bfloat16,torch.bfloat16,False,False,torch,0,0,10874.2362,native,0.0,1433.73,314.14
gfx950,256,128,128,6144,False,torch.bfloat16,torch.bfloat16,False,False,flydsl,19522,8,6.3659,flydsl_gemm6_abf16_wbf16_bf16_t16x64x128_split_k8_block_m_warp1_block_n_warp2_block_k_warp1_async_copyTrue_b_to_ldsTrue_b_preshuffleFalse_c_to_ldsFalse_gfx950,0.0206,31.63,499.3
gfx950,256,16384,128,6144,False,torch.bfloat16,torch.bfloat16,False,False,flydsl,4028,1,55.4299,flydsl_gemm3_abf16_wbf16_bf16_t64x128x128_split_k1_block_m_warp2_block_n_warp4_block_k_warp1_async_copyTrue_b_to_ldsTrue_b_preshuffleFalse_c_to_ldsFalse_gfx950,0.0,464.91,3736.14
gfx950,256,16,128,6144,False,torch.bfloat16,torch.bfloat16,False,False,flydsl,5888,12,4.7249,flydsl_gemm8_abf16_wbf16_bf16_t16x64x64_split_k12_block_m_warp1_block_n_warp1_block_k_warp2_async_copyTrue_b_to_ldsTrue_b_preshuffleFalse_c_to_ldsFalse_gfx950,0.0342,5.33,375.37
gfx950,256,1,128,6144,False,torch.bfloat16,torch.bfloat16,False,False,skinny,2,0,3.5904,sol2,0.0,0.44,441.57
gfx950,256,256,128,6144,False,torch.bfloat16,torch.bfloat16,False,False,flydsl,6439,8,7.1962,flydsl_gemm5_abf16_wbf16_bf16_t16x64x128_split_k8_block_m_warp1_block_n_warp2_block_k_warp1_async_copyTrue_b_to_ldsTrue_b_preshuffleFalse_c_to_ldsFalse_gfx950,0.0221,55.95,664.81
gfx950,256,2,128,6144,False,torch.bfloat16,torch.bfloat16,False,False,flydsl,5475,12,4.6306,flydsl_gemm7_abf16_wbf16_bf16_t16x64x64_split_k12_block_m_warp1_block_n_warp1_block_k_warp2_async_copyTrue_b_to_ldsTrue_b_preshuffleFalse_c_to_ldsFalse_gfx950,0.0273,0.68,345.09
gfx950,256,32,128,6144,False,torch.bfloat16,torch.bfloat16,False,False,flydsl,3082,12,4.7031,flydsl_gemm4_abf16_wbf16_bf16_t16x64x128_split_k12_block_m_warp1_block_n_warp2_block_k_warp1_async_copyTrue_b_to_ldsTrue_b_preshuffleFalse_c_to_ldsFalse_gfx950,0.0244,10.7,419.78
gfx950,256,48,128,6144,False,torch.bfloat16,torch.bfloat16,False,False,flydsl,4080,8,4.7738,flydsl_gemm5_abf16_wbf16_bf16_t16x64x128_split_k8_block_m_warp1_block_n_warp2_block_k_warp1_async_copyTrue_b_to_ldsTrue_b_preshuffleFalse_c_to_ldsFalse_gfx950,0.02,15.81,455.61
gfx950,256,4,128,6144,False,torch.bfloat16,torch.bfloat16,False,False,flydsl,4881,12,4.5863,flydsl_gemm6_abf16_wbf16_bf16_t16x64x64_split_k12_block_m_warp1_block_n_warp2_block_k_warp1_async_copyTrue_b_to_ldsTrue_b_preshuffleFalse_c_to_ldsFalse_gfx950,0.0215,1.37,353.89
gfx950,256,64,128,6144,False,torch.bfloat16,torch.bfloat16,False,False,flydsl,3063,12,5.0616,flydsl_gemm3_abf16_wbf16_bf16_t32x64x128_split_k12_block_m_warp1_block_n_warp2_block_k_warp2_async_copyTrue_b_to_ldsTrue_b_preshuffleFalse_c_to_ldsFalse_gfx950,0.0328,19.89,469.35
gfx950,256,8,128,6144,False,torch.bfloat16,torch.bfloat16,False,False,flydsl,4881,12,4.5522,flydsl_gemm6_abf16_wbf16_bf16_t16x64x64_split_k12_block_m_warp1_block_n_warp2_block_k_warp1_async_copyTrue_b_to_ldsTrue_b_preshuffleFalse_c_to_ldsFalse_gfx950,0.0205,2.76,367.56
gfx950,256,512,256,6144,False,torch.bfloat16,torch.bfloat16,False,False,asm,3,5,12.8152,_ZN5aiter39bf16gemm_fp32bf16_tn_48x64_splitk_cleanE,0.0156,125.68,756.86
gfx950,256,1024,256,6144,False,torch.bfloat16,torch.bfloat16,False,False,flydsl,8310,2,15.9827,flydsl_gemm5_abf16_wbf16_bf16_t32x64x128_split_k2_block_m_warp1_block_n_warp2_block_k_warp2_async_copyTrue_b_to_ldsTrue_b_preshuffleFalse_c_to_ldsFalse_gfx950,0.0135,201.54,1016.91
gfx950,256,1,3072,6144,False,torch.bfloat16,torch.bfloat16,False,False,flydsl,6601,6,8.24,flydsl_gemm3_abf16_wbf16_bf16_t16x64x64_split_k6_block_m_warp1_block_n_warp1_block_k_warp1_async_copyTrue_b_to_ldsTrue_b_preshuffleFalse_c_to_ldsFalse_gfx950,0.0,4.58,4583.39
gfx950,256,2,3072,6144,False,torch.bfloat16,torch.bfloat16,False,False,flydsl,6619,8,8.28,flydsl_gemm3_abf16_wbf16_bf16_t16x64x64_split_k8_block_m_warp1_block_n_warp1_block_k_warp1_async_copyTrue_b_to_ldsTrue_b_preshuffleFalse_c_to_ldsFalse_gfx950,0.0,9.12,4563.48
gfx950,256,4,3072,6144,False,torch.bfloat16,torch.bfloat16,False,False,flydsl,6602,6,8.42,flydsl_gemm3_abf16_wbf16_bf16_t16x64x64_split_k6_block_m_warp1_block_n_warp1_block_k_warp1_async_copyTrue_b_to_ldsTrue_b_preshuffleFalse_c_to_ldsFalse_gfx950_xb2,0.0,17.93,4491.98
gfx950,256,6,3072,6144,False,torch.bfloat16,torch.bfloat16,False,False,flydsl,6602,6,8.45,flydsl_gemm3_abf16_wbf16_bf16_t16x64x64_split_k6_block_m_warp1_block_n_warp1_block_k_warp1_async_copyTrue_b_to_ldsTrue_b_preshuffleFalse_c_to_ldsFalse_gfx950_xb2,0.0,26.8,4480.39
gfx950,256,8,3072,6144,False,torch.bfloat16,torch.bfloat16,False,False,flydsl,6602,6,8.3,flydsl_gemm3_abf16_wbf16_bf16_t16x64x64_split_k6_block_m_warp1_block_n_warp1_block_k_warp1_async_copyTrue_b_to_ldsTrue_b_preshuffleFalse_c_to_ldsFalse_gfx950_xb2,0.0,36.38,4565.81
gfx950,256,10,3072,6144,False,torch.bfloat16,torch.bfloat16,False,False,flydsl,6602,6,8.7,flydsl_gemm3_abf16_wbf16_bf16_t16x64x64_split_k6_block_m_warp1_block_n_warp1_block_k_warp1_async_copyTrue_b_to_ldsTrue_b_preshuffleFalse_c_to_ldsFalse_gfx950_xb2,0.0,43.39,4360.12
gfx950,256,12,3072,6144,False,torch.bfloat16,torch.bfloat16,False,False,flydsl,6602,6,8.84,flydsl_gemm3_abf16_wbf16_bf16_t16x64x64_split_k6_block_m_warp1_block_n_warp1_block_k_warp1_async_copyTrue_b_to_ldsTrue_b_preshuffleFalse_c_to_ldsFalse_gfx950_xb2,0.0,51.24,4295.24
gfx950,256,14,3072,6144,False,torch.bfloat16,torch.bfloat16,False,False,flydsl,6602,6,8.86,flydsl_gemm3_abf16_wbf16_bf16_t16x64x64_split_k6_block_m_warp1_block_n_warp1_block_k_warp1_async_copyTrue_b_to_ldsTrue_b_preshuffleFalse_c_to_ldsFalse_gfx950_xb2,0.0,59.65,4289.7
gfx950,256,24,3072,6144,False,torch.bfloat16,torch.bfloat16,False,False,flydsl,6619,8,9.91,flydsl_gemm3_abf16_wbf16_bf16_t16x64x64_split_k8_block_m_warp1_block_n_warp1_block_k_warp1_async_copyTrue_b_to_ldsTrue_b_preshuffleFalse_c_to_ldsFalse_gfx950,0.0,91.42,3853.79
gfx950,256,48,3072,6144,False,torch.bfloat16,torch.bfloat16,False,False,flydsl,6601,6,11.31,flydsl_gemm3_abf16_wbf16_bf16_t16x64x64_split_k6_block_m_warp1_block_n_warp1_block_k_warp1_async_copyTrue_b_to_ldsTrue_b_preshuffleFalse_c_to_ldsFalse_gfx950,0.0,160.21,3415.87
gfx950,256,60,3072,6144,False,torch.bfloat16,torch.bfloat16,False,False,flydsl,9076,4,12.4,flydsl_gemm3_abf16_wbf16_bf16_t16x64x64_split_k4_block_m_warp1_block_n_warp1_block_k_warp1_async_copyTrue_b_to_ldsTrue_b_preshuffleFalse_c_to_ldsFalse_gfx950_xb2,0.0,182.66,3133.44
gfx950,256,84,3072,6144,False,torch.bfloat16,torch.bfloat16,False,False,flydsl,2236,4,16.46,flydsl_gemm2_abf16_wbf16_bf16_t16x64x64_split_k4_block_m_warp1_block_n_warp1_block_k_warp1_async_copyTrue_b_to_ldsTrue_b_preshuffleFalse_c_to_ldsFalse_gfx950_xb2,0.0,192.64,2387.43
gfx950,256,1,3584,512,False,torch.bfloat16,torch.bfloat16,False,False,flydsl,9635,1,3.15,flydsl_gemm7_abf16_wbf16_bf16_t16x64x64_split_k1_block_m_warp1_block_n_warp1_block_k_warp1_async_copyTrue_b_to_ldsTrue_b_preshuffleFalse_c_to_ldsFalse_gfx950,0.0,1.17,1167.69
gfx950,256,2,3584,512,False,torch.bfloat16,torch.bfloat16,False,False,flydsl,9635,1,3.16,flydsl_gemm7_abf16_wbf16_bf16_t16x64x64_split_k1_block_m_warp1_block_n_warp1_block_k_warp1_async_copyTrue_b_to_ldsTrue_b_preshuffleFalse_c_to_ldsFalse_gfx950,0.0,2.32,1166.58
gfx950,256,4,3584,512,False,torch.bfloat16,torch.bfloat16,False,False,flydsl,9635,1,3.18,flydsl_gemm7_abf16_wbf16_bf16_t16x64x64_split_k1_block_m_warp1_block_n_warp1_block_k_warp1_async_copyTrue_b_to_ldsTrue_b_preshuffleFalse_c_to_ldsFalse_gfx950,0.0,4.62,1164.4
gfx950,256,6,3584,512,False,torch.bfloat16,torch.bfloat16,False,False,flydsl,9635,1,3.18,flydsl_gemm7_abf16_wbf16_bf16_t16x64x64_split_k1_block_m_warp1_block_n_warp1_block_k_warp1_async_copyTrue_b_to_ldsTrue_b_preshuffleFalse_c_to_ldsFalse_gfx950,0.0,6.92,1169.55
gfx950,256,8,3584,512,False,torch.bfloat16,torch.bfloat16,False,False,flydsl,9635,1,3.17,flydsl_gemm7_abf16_wbf16_bf16_t16x64x64_split_k1_block_m_warp1_block_n_warp1_block_k_warp1_async_copyTrue_b_to_ldsTrue_b_preshuffleFalse_c_to_ldsFalse_gfx950,0.0,9.26,1178.41
gfx950,256,10,3584,512,False,torch.bfloat16,torch.bfloat16,False,False,flydsl,9635,1,3.18,flydsl_gemm7_abf16_wbf16_bf16_t16x64x64_split_k1_block_m_warp1_block_n_warp1_block_k_warp1_async_copyTrue_b_to_ldsTrue_b_preshuffleFalse_c_to_ldsFalse_gfx950,0.0,11.54,1179.85
gfx950,256,12,3584,512,False,torch.bfloat16,torch.bfloat16,False,False,flydsl,9636,1,4.07,flydsl_gemm7_abf16_wbf16_bf16_t16x64x64_split_k1_block_m_warp1_block_n_warp1_block_k_warp1_async_copyTrue_b_to_ldsTrue_b_preshuffleFalse_c_to_ldsFalse_gfx950_xb2,0.0,10.82,925.88
gfx950,256,14,3584,512,False,torch.bfloat16,torch.bfloat16,False,False,flydsl,10477,1,3.97,flydsl_gemm8_abf16_wbf16_bf16_t16x64x64_split_k1_block_m_warp1_block_n_warp1_block_k_warp1_async_copyTrue_b_to_ldsTrue_b_preshuffleFalse_c_to_ldsFalse_gfx950,0.0,12.94,953.33
gfx950,256,24,3584,512,False,torch.bfloat16,torch.bfloat16,False,False,flydsl,9636,1,4.09,flydsl_gemm7_abf16_wbf16_bf16_t16x64x64_split_k1_block_m_warp1_block_n_warp1_block_k_warp1_async_copyTrue_b_to_ldsTrue_b_preshuffleFalse_c_to_ldsFalse_gfx950_xb2,0.0,21.54,945.38
gfx950,256,48,3584,512,False,torch.bfloat16,torch.bfloat16,False,False,flydsl,10478,1,4.11,flydsl_gemm8_abf16_wbf16_bf16_t16x64x64_split_k1_block_m_warp1_block_n_warp1_block_k_warp1_async_copyTrue_b_to_ldsTrue_b_preshuffleFalse_c_to_ldsFalse_gfx950_xb2,0.0,42.86,988.62
gfx950,256,60,3584,512,False,torch.bfloat16,torch.bfloat16,False,False,flydsl,12546,1,4.14,flydsl_gemm8_abf16_wbf16_bf16_t16x64x64_split_k1_block_m_warp1_block_n_warp1_block_k_warp1_async_copyTrue_b_to_ldsTrue_b_preshuffleFalse_c_to_ldsFalse_gfx950_xb2,0.0,53.19,1005.2
gfx950,256,84,3584,512,False,torch.bfloat16,torch.bfloat16,False,False,flydsl,11704,1,4.51,flydsl_gemm7_abf16_wbf16_bf16_t16x64x64_split_k1_block_m_warp1_block_n_warp1_block_k_warp1_async_copyTrue_b_to_ldsTrue_b_preshuffleFalse_c_to_ldsFalse_gfx950_xb2,0.0,68.36,966.33
gfx950,256,1,6144,1536,False,torch.bfloat16,torch.bfloat16,False,False,flydsl,6485,6,4.83,flydsl_gemm3_abf16_wbf16_bf16_t16x64x64_split_k6_block_m_warp1_block_n_warp1_block_k_warp1_async_copyTrue_b_to_ldsTrue_b_preshuffleFalse_c_to_ldsFalse_gfx950_xb2,0.0,3.91,3910.92
gfx950,256,2,6144,1536,False,torch.bfloat16,torch.bfloat16,False,False,flydsl,6485,6,4.81,flydsl_gemm3_abf16_wbf16_bf16_t16x64x64_split_k6_block_m_warp1_block_n_warp1_block_k_warp1_async_copyTrue_b_to_ldsTrue_b_preshuffleFalse_c_to_ldsFalse_gfx950_xb2,0.0,7.85,3930.37
gfx950,256,4,6144,1536,False,torch.bfloat16,torch.bfloat16,False,False,flydsl,6485,6,4.79,flydsl_gemm3_abf16_wbf16_bf16_t16x64x64_split_k6_block_m_warp1_block_n_warp1_block_k_warp1_async_copyTrue_b_to_ldsTrue_b_preshuffleFalse_c_to_ldsFalse_gfx950_xb2,0.0,15.76,3953.2
gfx950,256,6,6144,1536,False,torch.bfloat16,torch.bfloat16,False,False,flydsl,6485,6,4.78,flydsl_gemm3_abf16_wbf16_bf16_t16x64x64_split_k6_block_m_warp1_block_n_warp1_block_k_warp1_async_copyTrue_b_to_ldsTrue_b_preshuffleFalse_c_to_ldsFalse_gfx950_xb2,0.0,23.69,3967.89
gfx950,256,8,6144,1536,False,torch.bfloat16,torch.bfloat16,False,False,flydsl,6503,8,4.42,flydsl_gemm3_abf16_wbf16_bf16_t16x64x64_split_k8_block_m_warp1_block_n_warp1_block_k_warp1_async_copyTrue_b_to_ldsTrue_b_preshuffleFalse_c_to_ldsFalse_gfx950_xb2,0.0,34.16,4298.02
gfx950,256,10,6144,1536,False,torch.bfloat16,torch.bfloat16,False,False,flydsl,14367,4,4.61,flydsl_gemm5_abf16_wbf16_bf16_t16x64x64_split_k4_block_m_warp1_block_n_warp1_block_k_warp1_async_copyTrue_b_to_ldsTrue_b_preshuffleFalse_c_to_ldsFalse_gfx950_xb2,0.0,40.94,4127.54
gfx950,256,12,6144,1536,False,torch.bfloat16,torch.bfloat16,False,False,flydsl,14367,4,4.57,flydsl_gemm5_abf16_wbf16_bf16_t16x64x64_split_k4_block_m_warp1_block_n_warp1_block_k_warp1_async_copyTrue_b_to_ldsTrue_b_preshuffleFalse_c_to_ldsFalse_gfx950_xb2,0.0,49.56,4170.39
gfx950,256,14,6144,1536,False,torch.bfloat16,torch.bfloat16,False,False,flydsl,14367,4,4.59,flydsl_gemm5_abf16_wbf16_bf16_t16x64x64_split_k4_block_m_warp1_block_n_warp1_block_k_warp1_async_copyTrue_b_to_ldsTrue_b_preshuffleFalse_c_to_ldsFalse_gfx950_xb2,0.0,57.57,4158.91
gfx950,256,24,6144,1536,False,torch.bfloat16,torch.bfloat16,False,False,flydsl,793,4,5.31,flydsl_gemm2_abf16_wbf16_bf16_t16x64x64_split_k4_block_m_warp1_block_n_warp1_block_k_warp1_async_copyTrue_b_to_ldsTrue_b_preshuffleFalse_c_to_ldsFalse_gfx950_xb2,0.0,85.31,3623.92
gfx950,256,48,6144,1536,False,torch.bfloat16,torch.bfloat16,False,False,flydsl,757,2,6.62,flydsl_gemm2_abf16_wbf16_bf16_t16x64x64_split_k2_block_m_warp1_block_n_warp1_block_k_warp1_async_copyTrue_b_to_ldsTrue_b_preshuffleFalse_c_to_ldsFalse_gfx950_xb2,0.0,136.85,2962.48
gfx950,256,60,6144,1536,False,torch.bfloat16,torch.bfloat16,False,False,flydsl,14405,2,7.42,flydsl_gemm4_abf16_wbf16_bf16_t16x64x64_split_k2_block_m_warp1_block_n_warp1_block_k_warp1_async_copyTrue_b_to_ldsTrue_b_preshuffleFalse_c_to_ldsFalse_gfx950_xb2,0.0,152.62,2667.92
gfx950,256,84,6144,1536,False,torch.bfloat16,torch.bfloat16,False,False,flydsl,2173,1,8.49,flydsl_gemm2_abf16_wbf16_bf16_t16x64x64_split_k1_block_m_warp1_block_n_warp1_block_k_warp1_async_copyTrue_b_to_ldsTrue_b_preshuffleFalse_c_to_ldsFalse_gfx950_xb2,0.0,186.74,2375.1
gfx950,256,1,7168,512,False,torch.bfloat16,torch.bfloat16,False,False,flydsl,10452,1,4.0924,flydsl_gemm7_abf16_wbf16_bf16_t16x64x64_split_k1_block_m_warp1_block_n_warp2_block_k_warp1_async_copyTrue_b_to_ldsTrue_b_preshuffleFalse_c_to_ldsFalse_gfx950,0.0,1.79,1797.33
gfx950,256,2,7168,512,False,torch.bfloat16,torch.bfloat16,False,False,flydsl,10452,1,4.1234,flydsl_gemm7_abf16_wbf16_bf16_t16x64x64_split_k1_block_m_warp1_block_n_warp2_block_k_warp1_async_copyTrue_b_to_ldsTrue_b_preshuffleFalse_c_to_ldsFalse_gfx950,0.0,3.56,1787.54
gfx950,256,4,7168,512,False,torch.bfloat16,torch.bfloat16,False,False,flydsl,6010,1,4.1783,flydsl_gemm4_abf16_wbf16_bf16_t16x64x128_split_k1_block_m_warp1_block_n_warp4_block_k_warp1_async_copyTrue_b_to_ldsTrue_b_preshuffleFalse_c_to_ldsFalse_gfx950,0.0,7.03,1771.41
gfx950,256,6,7168,512,False,torch.bfloat16,torch.bfloat16,False,False,flydsl,11295,1,4.1974,flydsl_gemm8_abf16_wbf16_bf16_t16x64x64_split_k1_block_m_warp1_block_n_warp2_block_k_warp1_async_copyTrue_b_to_ldsTrue_b_preshuffleFalse_c_to_ldsFalse_gfx950_xb2,0.0,10.49,1770.67
gfx950,256,8,7168,512,False,torch.bfloat16,torch.bfloat16,False,False,flydsl,9256,1,4.1938,flydsl_gemm6_abf16_wbf16_bf16_t16x64x64_split_k1_block_m_warp1_block_n_warp2_block_k_warp1_async_copyTrue_b_to_ldsTrue_b_preshuffleFalse_c_to_ldsFalse_gfx950,0.0,14.0,1779.51
gfx950,256,12,7168,512,False,torch.bfloat16,torch.bfloat16,False,False,triton,0,0,3.9882,auto,0.0,22.09,1886.65
gfx950,256,16,7168,512,False,torch.bfloat16,torch.bfloat16,False,False,triton,0,0,3.791,auto,0.0,30.98,2001.0
gfx950,256,24,7168,512,False,torch.bfloat16,torch.bfloat16,False,False,flydsl,6011,1,4.2758,flydsl_gemm4_abf16_wbf16_bf16_t16x64x128_split_k1_block_m_warp1_block_n_warp4_block_k_warp1_async_copyTrue_b_to_ldsTrue_b_preshuffleFalse_c_to_ldsFalse_gfx950_xb2,0.0,41.2,1802.86
gfx950,256,32,7168,512,False,torch.bfloat16,torch.bfloat16,False,False,triton,0,0,3.9998,auto,0.0,58.72,1957.99
gfx950,256,48,7168,512,False,torch.bfloat16,torch.bfloat16,False,False,flydsl,10666,1,4.4023,flydsl_gemm7_abf16_wbf16_bf16_t32x64x64_split_k1_block_m_warp1_block_n_warp4_block_k_warp1_async_copyTrue_b_to_ldsTrue_b_preshuffleFalse_c_to_ldsFalse_gfx950,0.0,80.03,1834.79
gfx950,256,64,7168,512,False,torch.bfloat16,torch.bfloat16,False,False,flydsl,11776,1,4.5263,flydsl_gemm6_abf16_wbf16_bf16_t32x64x64_split_k1_block_m_warp1_block_n_warp4_block_k_warp1_async_copyTrue_b_to_ldsTrue_b_preshuffleFalse_c_to_ldsFalse_gfx950,0.0,103.79,1838.82
